{
  "project_info": {
    "project_number": "142619923373",
    "firebase_url": "https://chat-app-282cf.firebaseio.com",
    "project_id": "chat-app-282cf",
    "storage_bucket": "chat-app-282cf.appspot.com"
  },
  "client": [
    {
      "client_info": {
        "mobilesdk_app_id": "1:142619923373:android:d1ea92d4f8e3c9edc30724",
        "android_client_info": {
          "package_name": "com.example.chatapp"
        }
      },
      "oauth_client": [
        {
          "client_id": "142619923373-va703kdtfd2pqgjdhhljluegbsbh2ofl.apps.googleusercontent.com",
          "client_type": 1,
          "android_info": {
            "package_name": "com.example.chatapp",
            "certificate_hash": "ebd127004e14136fecc501d39322c640792d1e27"
          }
        },
        {
          "client_id": "142619923373-ivmadnlaba7ji1d8f0j3deffh8c3fkgv.apps.googleusercontent.com",
          "client_type": 3
        }
      ],
      "api_key": [
        {
          "current_key": "AIzaSyDYC4R1GxgDYeqIwodUj5X6F6LQZVzpk3U"
        }
      ],
      "services": {
        "appinvite_service": {
          "other_platform_oauth_client": [
            {
              "client_id": "142619923373-ivmadnlaba7ji1d8f0j3deffh8c3fkgv.apps.googleusercontent.com",
              "client_type": 3
            }
          ]
        }
      }
    }
  ],
  "configuration_version": "1"
}